Team,Average_Lottery_Luck,Total_Lottery_Luck,Lottery_Instances
SAS,1.0786738699059633,7.5507170893417435,7
LAL,0.8892678042252457,8.003410238027211,9
NOP/CHA,0.8385388140973455,16.77077628194691,20
PHI,0.6263203383329318,11.273766089992773,18
OKC/SEA,0.5332267417958844,7.46517438514238,14
POR,0.516883062781448,4.651947565033032,9
BKN,0.47873628214542474,8.13851679647222,17
MEM/VAN,0.4625952551884402,6.938928827826603,15
LAC,0.4123644993524347,10.309112483810868,25
HOU,0.38864304645346165,4.275073510988078,11
CHI,0.29322518885181276,4.105152643925378,14
ORL,0.2725757048550626,5.724089801956315,21
CHA,0.051866791256074435,0.829868660097191,16
CLE,-9.786269518605027e-05,-0.001859391208534955,19
TOR,-0.002181960384668752,-0.03491136615470003,16
IND,-0.0823897989847017,-1.071067386801122,13
SAC,-0.2934880034482394,-7.924176093102463,27
MIL,-0.3407342189460267,-5.451747503136427,16
MIN,-0.45296301649894705,-10.418149379475782,23
GSW,-0.4772794849708229,-11.45470763929975,24
NYK,-0.4799479965764314,-9.119011934952196,19
UTA,-0.4922648688439942,-4.4303838195959475,9
PHX,-0.5296904420447369,-9.004737514760528,17
MIA,-0.5341932720013138,-5.876125992014452,11
ATL,-0.5827868892625739,-8.159016449676034,14
WAS,-0.640307116549767,-14.727063680644642,23
DET,-0.7173191877189736,-12.194426191222552,17
BOS,-0.7333993593713312,-8.067392953084642,11
DEN,-0.7386292035377657,-10.34080884952872,14
DAL,-1.0992747753450363,-18.687671180865618,17
